nivel_socio,promedio
Alto,3.519305555555556
Bajo,3.653968253968254
Medio,3.5256923076923075
